research_pair_id,research_pair_spec,question_index,document_set_id,dataset_name,input,output,rag_latency_ms,total_latency_ms,prompt,rag_search_mode,rag_hybrid_delegate,top_k,chunking_logic_id,tokenizer_logic_id,search_logic_id,reranking_logic_id,prompt_logic_id,llm_model,embedding_provider,embedding_model,ragas_faithfulness,ragas_answer_relevancy,retrieved_source_1,retrieved_chunk_id_1,retrieved_distance_1,retrieved_text_1,retrieved_source_2,retrieved_chunk_id_2,retrieved_distance_2,retrieved_text_2,retrieved_source_3,retrieved_chunk_id_3,retrieved_distance_3,retrieved_text_3,retrieved_source_4,retrieved_chunk_id_4,retrieved_distance_4,retrieved_text_4
RP-0001,"{""chunking_logic_id"": ""logic_01"", ""document_set_id"": ""DOCSET-0001"", ""embedding_base_url"": ""http://host.docker.internal:8010"", ""embedding_model"": ""cl-nagoya/ruri-v3-310m"", ""embedding_provider"": ""ruri_http"", ""llm_model"": ""llama3.2"", ""prompt_logic_id"": ""logic_01"", ""qa_dataset"": ""sample_qa.json"", ""rag_search_mode"": ""vector_search"", ""ragas_enabled"": false, ""reranking_logic_id"": ""logic_01"", ""search_logic_id"": ""logic_01"", ""tokenizer_logic_id"": ""logic_01"", ""top_k"": 4}",0,DOCSET-0001,sample_qa,この文書セットの主題は何ですか？,この文書セットの主題は、**日本の就職規則や労働法に関する規程です。**,919.549,39275.288,"### system

##役割
-あなたは**与えられたコンテキストのみを根拠に回答するアシスタント**です。
    
##回答ルール
-正確かつ簡潔な回答をしてください。
-推測で補わないでください。
-回答には出典を簡潔に示してください。
#重要なルール
-**コンテキストに情報がない場合は、分からないと答えてください。**    


### user
コンテキスト:
---
出典: uploaded/国内出張旅費規程.pdf
附則この規則は、2017年4月1日から改定施行する。
この規則は、2020年4月1日から改定施行する。
この規則は、2025年2月1日から改定施行する。

---
出典: uploaded/就業規則.pdf
1. この規則は、2014年4月1日から施行する。
2. この規則は、2017年4月1日から改定施行する。
3. この規則は、2020年4月1日から改定施行する。
4. この規則は、2025年2月1日から改定施行する。
5. この就業規則には下記規程が附属する。
○ 育児・介護休業等に関する規程
○ 慶弔見舞金規程
○ 国内出張旅費規程
○ 安全衛生管理規程
○ 通勤手当支給規程
○ 健康情報取扱規程

---
出典: uploaded/健康情報取扱規程.pdf
第11条
健康情報にアクセスできる者は、健康情報取扱責任者及び健康情報取扱担当者、その他業務上必要最小限の範囲で健康情報取扱責任者が許可した者に限定する。

（秘密保持義務）

第12条
健康情報の取扱いに従事する者は、職務上知り得た健康情報を、正当な理由なく第三者に漏らしてはならない。その職を退いた後も同様とする。

第5章第三者提供
（第三者提供の制限）

---
出典: uploaded/就業規則.pdf
第31条（病気休暇）

1. 労働者が業務外の傷病により引き続き7日以上欠勤する場合、医師の診断書を添えて病気休暇を申請することができる。

2. 病気休暇期間は、1回の傷病につき90日を限度とする。
3. 病気休暇期間中の賃金は、支給しない。

第32条（裁判員等のための休暇）
労働者が裁判員、裁判員候補者、又は証人として裁判所に出頭する場合、必要な期間、休暇を取得することができる。

第6章賃金

第33条（賃金の構成）
労働者の賃金は、基本給、諸手当（家族手当、通勤手当、役職手当、技能・資格手当、精勤手当）、及び賞与とする。

第34条（基本給）
基本給は、労働者の職務内容、能力、経験等を考慮して決定する。

第35条（家族手当）
家族手当は、扶養する配偶者及び子がいる労働者に対して支給する。支給額は、配偶者に対して月額10,000円、子に対して1人あたり月額5,000円とする。


質問:
この文書セットの主題は何ですか？",vector_search,vector_search,4,logic_01,logic_01,logic_01,logic_01,logic_01,llama3.2,ruri_http,cl-nagoya/ruri-v3-310m,,,uploaded/国内出張旅費規程.pdf,163a6bd2d4506b0f:8,0.39400488,附則この規則は、2017年4月1日から改定施行する。 この規則は、2020年4月1日から改定施行する。 この規則は、2025年2月1日から改定施行する。,uploaded/就業規則.pdf,24aa65b9bed5af4c:24,0.40148956,1. この規則は、2014年4月1日から施行する。 2. この規則は、2017年4月1日から改定施行する。 3. この規則は、2020年4月1日から改定施行する。 4. この規則は、2025年2月1日から改定施行する。 5. この就業規則には下記規程が附属する。 ○ 育児・介護休業等に関する規程 ○ 慶弔見舞金規程 ○ 国内出張旅費規程 ○ 安全衛生管理規程 ○ 通勤手当支給規程 ○ 健康情報取扱規程,uploaded/健康情報取扱規程.pdf,b51ae00933c2a47c:6,0.40945005,第11条 健康情報にアクセスできる者は、健康情報取扱責任者及び健康情報取扱担当者、その他業務上必要最小限の範囲で健康情報取扱責任者が許可した者に限定する。  （秘密保持義務）  第12条 健康情報の取扱いに従事する者は、職務上知り得た健康情報を、正当な理由なく第三者に漏らしてはならない。その職を退いた後も同様とする。  第5章第三者提供 （第三者提供の制限）,uploaded/就業規則.pdf,24aa65b9bed5af4c:11,0.41165018,"第31条（病気休暇）  1. 労働者が業務外の傷病により引き続き7日以上欠勤する場合、医師の診断書を添えて病気休暇を申請することができる。  2. 病気休暇期間は、1回の傷病につき90日を限度とする。 3. 病気休暇期間中の賃金は、支給しない。  第32条（裁判員等のための休暇） 労働者が裁判員、裁判員候補者、又は証人として裁判所に出頭する場合、必要な期間、休暇を取得することができる。  第6章賃金  第33条（賃金の構成） 労働者の賃金は、基本給、諸手当（家族手当、通勤手当、役職手当、技能・資格手当、精勤手当）、及び賞与とする。  第34条（基本給） 基本給は、労働者の職務内容、能力、経験等を考慮して決定する。  第35条（家族手当） 家族手当は、扶養する配偶者及び子がいる労働者に対して支給する。支給額は、配偶者に対して月額10,000円、子に対して1人あたり月額5,000円とする。"
RP-0001,"{""chunking_logic_id"": ""logic_01"", ""document_set_id"": ""DOCSET-0001"", ""embedding_base_url"": ""http://host.docker.internal:8010"", ""embedding_model"": ""cl-nagoya/ruri-v3-310m"", ""embedding_provider"": ""ruri_http"", ""llm_model"": ""llama3.2"", ""prompt_logic_id"": ""logic_01"", ""qa_dataset"": ""sample_qa.json"", ""rag_search_mode"": ""vector_search"", ""ragas_enabled"": false, ""reranking_logic_id"": ""logic_01"", ""search_logic_id"": ""logic_01"", ""tokenizer_logic_id"": ""logic_01"", ""top_k"": 4}",1,DOCSET-0001,sample_qa,有給休暇は何日ですか？,"出典: uploaded/就業規則.pdf

年次有給休暇の取得日数は、勤続年数によって異なります。

* 1年：11日
* 2年：12日
* 3年：14日
* 4年：16日
* 5年：18日
* 6年以上：20日

この日数は、出社日から起算して6か月間継続勤務し、所定労働日の8割以上出勤した場合に取得できることが規定されています。",437.411,54630.192,"### system

##役割
-あなたは**与えられたコンテキストのみを根拠に回答するアシスタント**です。
    
##回答ルール
-正確かつ簡潔な回答をしてください。
-推測で補わないでください。
-回答には出典を簡潔に示してください。
#重要なルール
-**コンテキストに情報がない場合は、分からないと答えてください。**    


### user
コンテキスト:
---
出典: uploaded/就業規則.pdf
2. その後1年ごとに、次の表の日数を年次有給休暇として取得することができる。
勤続年数1年年次有給休暇日数11日2年12日3年14日4年16日5年18日6年以上20日

3. 年次有給休暇の取得は、労働者の請求に基づき、会社の業務を妨げない範囲で、会社が指定する。

4. 年次有給休暇の請求は、原則として取得日の1週間前までに行うものとする。

第24条（年次有給休暇の時間単位での付与）

1. 会社は、労使協定に基づき、年次有給休暇を時間単位で付与することができる。
2. 時間単位で付与できる日数は、1年あたり5日を限度とする。
3. 時間単位での年次有給休暇の取得方法については、別途定める。

第25条（産前産後の休業）

1. 女性労働者は、出産予定日の6週間前（多胎妊娠の場合は14週間前）から、産前休業を取得することができる。

---
出典: uploaded/就業規則.pdf
1. 会社は、業務上の必要がある場合、労働者に対して時間外労働又は休日労働を命じることができる。

2. 時間外労働及び休日労働については、労働基準法第36条に基づく労使協定（36協定）を締結し、所轄労働基準監督署に届け出るものとする。

3. 会社は、労働者が育児又は介護を行う場合、労働基準法及び育児・介護休業法に基づき、時間外労働及び休日労働を制限又は免除することがある。

第22条（勤務間インターバル制度）
会社は、労働者の健康確保のため、勤務終了後から次の勤務開始までに、原則として11時間以上のインターバル時間を設けるよう努める。

第5章休暇等

第23条（年次有給休暇）

1. 労働者は、入社日から起算して6か月間継続勤務し、所定労働日の8割以上出勤した場合、10日の年次有給休暇を取得することができる。

---
出典: uploaded/就業規則.pdf
第28条（育児・介護休業、子の看護休暇等）

1. 労働者は、育児・介護休業法に基づき、育児休業、介護休業、子の看護休暇、介護休暇等を請求することができる。

2. 育児・介護休業等の取扱いについては、「育児・介護休業等に関する規則」で定める

第29条（不妊治療休暇）
労働者は、不妊治療のため、1年あたり5日（不妊治療のための通院等をする場合は10日）を限度として、不妊治療休暇を取得することができる。

第30条（慶弔休暇および慶弔見舞金）
労働者が次の各号に該当する場合、次の日数の慶弔休暇を取得することができる。

1. 配偶者が死亡した場合：7日
2. 父母、子が死亡した場合：5日
3. 祖父母、兄弟姉妹が死亡した場合：3日
4. その他、会社が特別に認める場合：会社が定める日数
慶弔見舞金については別に定める。

第31条（病気休暇）

---
出典: uploaded/就業規則.pdf
第4章労働時間、休憩及び休日

第19条（労働時間及び休憩時間）

1. 労働時間は、1週間あたり40時間、1日あたり8時間とする。
2. 休憩時間は、1日の労働時間が6時間を超える場合は45分、8時間を超える場合は1時間とする。

3. 会社は、業務の都合により、前2項の労働時間及び休憩時間を変更することがある。

第20条（休日）

1. 休日は、毎週土曜日及び日曜日とする。
2. 会社は、業務の都合により、前項の休日を他の曜日に変更することがある。
3. 年末年始（12月29日～1月3日）、夏季休暇（8月13日～8月15日）を休日とする。
4. その他、会社が必要と認める日を休日とすることがある。

第21条（時間外及び休日労働）

1. 会社は、業務上の必要がある場合、労働者に対して時間外労働又は休日労働を命じることができる。


質問:
有給休暇は何日ですか？",vector_search,vector_search,4,logic_01,logic_01,logic_01,logic_01,logic_01,llama3.2,ruri_http,cl-nagoya/ruri-v3-310m,,,uploaded/就業規則.pdf,24aa65b9bed5af4c:8,0.28145412,2. その後1年ごとに、次の表の日数を年次有給休暇として取得することができる。 勤続年数1年年次有給休暇日数11日2年12日3年14日4年16日5年18日6年以上20日  3. 年次有給休暇の取得は、労働者の請求に基づき、会社の業務を妨げない範囲で、会社が指定する。  4. 年次有給休暇の請求は、原則として取得日の1週間前までに行うものとする。  第24条（年次有給休暇の時間単位での付与）  1. 会社は、労使協定に基づき、年次有給休暇を時間単位で付与することができる。 2. 時間単位で付与できる日数は、1年あたり5日を限度とする。 3. 時間単位での年次有給休暇の取得方法については、別途定める。  第25条（産前産後の休業）  1. 女性労働者は、出産予定日の6週間前（多胎妊娠の場合は14週間前）から、産前休業を取得することができる。,uploaded/就業規則.pdf,24aa65b9bed5af4c:7,0.29807895,1. 会社は、業務上の必要がある場合、労働者に対して時間外労働又は休日労働を命じることができる。  2. 時間外労働及び休日労働については、労働基準法第36条に基づく労使協定（36協定）を締結し、所轄労働基準監督署に届け出るものとする。  3. 会社は、労働者が育児又は介護を行う場合、労働基準法及び育児・介護休業法に基づき、時間外労働及び休日労働を制限又は免除することがある。  第22条（勤務間インターバル制度） 会社は、労働者の健康確保のため、勤務終了後から次の勤務開始までに、原則として11時間以上のインターバル時間を設けるよう努める。  第5章休暇等  第23条（年次有給休暇）  1. 労働者は、入社日から起算して6か月間継続勤務し、所定労働日の8割以上出勤した場合、10日の年次有給休暇を取得することができる。,uploaded/就業規則.pdf,24aa65b9bed5af4c:10,0.30822754,第28条（育児・介護休業、子の看護休暇等）  1. 労働者は、育児・介護休業法に基づき、育児休業、介護休業、子の看護休暇、介護休暇等を請求することができる。  2. 育児・介護休業等の取扱いについては、「育児・介護休業等に関する規則」で定める  第29条（不妊治療休暇） 労働者は、不妊治療のため、1年あたり5日（不妊治療のための通院等をする場合は10日）を限度として、不妊治療休暇を取得することができる。  第30条（慶弔休暇および慶弔見舞金） 労働者が次の各号に該当する場合、次の日数の慶弔休暇を取得することができる。  1. 配偶者が死亡した場合：7日 2. 父母、子が死亡した場合：5日 3. 祖父母、兄弟姉妹が死亡した場合：3日 4. その他、会社が特別に認める場合：会社が定める日数 慶弔見舞金については別に定める。  第31条（病気休暇）,uploaded/就業規則.pdf,24aa65b9bed5af4c:6,0.31794283,第4章労働時間、休憩及び休日  第19条（労働時間及び休憩時間）  1. 労働時間は、1週間あたり40時間、1日あたり8時間とする。 2. 休憩時間は、1日の労働時間が6時間を超える場合は45分、8時間を超える場合は1時間とする。  3. 会社は、業務の都合により、前2項の労働時間及び休憩時間を変更することがある。  第20条（休日）  1. 休日は、毎週土曜日及び日曜日とする。 2. 会社は、業務の都合により、前項の休日を他の曜日に変更することがある。 3. 年末年始（12月29日～1月3日）、夏季休暇（8月13日～8月15日）を休日とする。 4. その他、会社が必要と認める日を休日とすることがある。  第21条（時間外及び休日労働）  1. 会社は、業務上の必要がある場合、労働者に対して時間外労働又は休日労働を命じることができる。
